{
 "core": {
  "behaviors": [
   {
    "key": "emotion", 
    "value": [
     {
      "value": {
       "customer": 1.0, 
       "agent": 0.99
      }, 
      "label": "neutral"
     }, 
     {
      "value": {
       "customer": 0.0, 
       "agent": 0.0
      }, 
      "label": "sad"
     }, 
     {
      "value": {
       "customer": 0.0, 
       "agent": 0.0
      }, 
      "label": "frustrated"
     }, 
     {
      "value": {
       "customer": 0.0, 
       "agent": 0.0
      }, 
      "label": "angry"
     }, 
     {
      "value": {
       "customer": 0.0, 
       "agent": 0.01
      }, 
      "label": "happy"
     }
    ]
   }, 
   {
    "key": "politeness", 
    "value": [
     {
      "value": {
       "customer": 0.99, 
       "agent": 0.66
      }, 
      "label": "neutral"
     }, 
     {
      "value": {
       "customer": 0.01, 
       "agent": 0.34
      }, 
      "label": "polite"
     }, 
     {
      "value": {
       "customer": 0.0, 
       "agent": 0.0
      }, 
      "label": "rude"
     }
    ]
   }, 
   {
    "key": "positivity", 
    "value": [
     {
      "value": {
       "customer": 0.0, 
       "agent": 0.28
      }, 
      "label": "positive"
     }, 
     {
      "value": {
       "customer": 1.0, 
       "agent": 0.72
      }, 
      "label": "neutral"
     }, 
     {
      "value": {
       "customer": 0.0, 
       "agent": 0.0
      }, 
      "label": "negative"
     }
    ]
   }, 
   {
    "key": "strength", 
    "value": [
     {
      "value": {
       "customer": 0.85, 
       "agent": 0.98
      }, 
      "label": "neutral"
     }, 
     {
      "value": {
       "customer": 0.15, 
       "agent": 0.02
      }, 
      "label": "calm"
     }, 
     {
      "value": {
       "customer": 0.0, 
       "agent": 0.0
      }, 
      "label": "agitated"
     }
    ]
   }, 
   {
    "key": "engagement", 
    "value": [
     {
      "value": {
       "customer": 0.5, 
       "agent": 0.02
      }, 
      "label": "neutral"
     }, 
     {
      "value": {
       "customer": 0.5, 
       "agent": 0.98
      }, 
      "label": "engaged"
     }, 
     {
      "value": {
       "customer": 0.0, 
       "agent": 0.0
      }, 
      "label": "withdrawn"
     }
    ]
   }
  ], 
  "soundquality": null, 
  "strength": {
   "customer": 0.43, 
   "agent": 0.49
  }, 
  "positivity": {
   "customer": 0.5, 
   "agent": 0.64
  }, 
  "engagement": {
   "customer": 0.75, 
   "agent": 0.99
  }, 
  "emotions": {
   "anger": {
    "customer": 0.0, 
    "agent": 0.0
   }, 
   "happy": {
    "customer": 0.0, 
    "agent": 0.01
   }, 
   "frustration": {
    "customer": 0.0, 
    "agent": 0.0
   }, 
   "sad": {
    "customer": 0.0, 
    "agent": 0.0
   }
  }, 
  "empathy": null, 
  "politeness": {
   "customer": 0.51, 
   "agent": 0.67
  }, 
  "diarization": {
   "customer": [
    {
     "et": 24.8, 
     "st": 20.23
    }, 
    {
     "et": 26.42, 
     "st": 25.51
    }, 
    {
     "et": 27.62, 
     "st": 26.71
    }, 
    {
     "et": 34.76, 
     "st": 28.27
    }, 
    {
     "et": 37.05, 
     "st": 35.11
    }, 
    {
     "et": 39.83, 
     "st": 37.42
    }, 
    {
     "et": 40.77, 
     "st": 40.3
    }, 
    {
     "et": 42.72, 
     "st": 41.36
    }, 
    {
     "et": 45.23, 
     "st": 43.27
    }, 
    {
     "et": 54.09, 
     "st": 45.53
    }, 
    {
     "et": 55.54, 
     "st": 54.78
    }, 
    {
     "et": 59.27, 
     "st": 56.41
    }, 
    {
     "et": 62.09, 
     "st": 59.68
    }, 
    {
     "et": 67.13, 
     "st": 62.4
    }, 
    {
     "et": 70.7, 
     "st": 67.74
    }, 
    {
     "et": 76.35, 
     "st": 74.39
    }, 
    {
     "et": 78.52, 
     "st": 78.06
    }, 
    {
     "et": 79.58, 
     "st": 78.82
    }, 
    {
     "et": 80.75, 
     "st": 80.08
    }, 
    {
     "et": 84.92, 
     "st": 81.46
    }, 
    {
     "et": 92.63, 
     "st": 90.97
    }, 
    {
     "et": 94.11, 
     "st": 93.2
    }, 
    {
     "et": 95.13, 
     "st": 94.52
    }, 
    {
     "et": 96.82, 
     "st": 96.21
    }, 
    {
     "et": 100.68, 
     "st": 100.22
    }
   ], 
   "agent": [
    {
     "et": 2.24, 
     "st": 0.0
    }, 
    {
     "et": 3.09, 
     "st": 2.63
    }, 
    {
     "et": 4.46, 
     "st": 3.85
    }, 
    {
     "et": 6.45, 
     "st": 4.79
    }, 
    {
     "et": 10.1, 
     "st": 6.79
    }, 
    {
     "et": 11.51, 
     "st": 10.7
    }, 
    {
     "et": 15.1, 
     "st": 12.24
    }, 
    {
     "et": 18.15, 
     "st": 15.59
    }, 
    {
     "et": 20.22, 
     "st": 19.58
    }, 
    {
     "et": 90.6, 
     "st": 85.49
    }, 
    {
     "et": 106.47, 
     "st": 102.86
    }, 
    {
     "et": 109.64, 
     "st": 107.08
    }, 
    {
     "et": 112.62, 
     "st": 110.21
    }, 
    {
     "et": 116.79, 
     "st": 113.18
    }, 
    {
     "et": 119.92, 
     "st": 117.09
    }
   ]
  }
 }, 
 "basic": {
  "lang": {
   "english": {
    "customer": 1.0, 
    "agent": 1.0
   }, 
   "spanish": null
  }, 
  "utterances": {
   "customer": 17, 
   "agent": 11
  }, 
  "gender": {
   "customer": 1, 
   "agent": 1
  }, 
  "age": {
   "customer": 1, 
   "agent": 1
  }, 
  "vad": {
   "customer": 57.56, 
   "agent": 36.62, 
   "overlap": 0.0, 
   "silence": 25.87
  }, 
  "speakerchanges": 4, 
  "numbeepfound": 0, 
  "id": {
   "customer": 1, 
   "agent": 0
  }, 
  "numringfound": 0, 
  "totalduration": 120.04
 }, 
 "events": {
  "callflow": {
   "beep": [], 
   "ring": []
  }, 
  "behavioral": {
   "customer": {
    "emotion": [
     {
      "et": 24.77, 
      "confidence": 1.0, 
      "st": 20.25, 
      "label": "neutral"
     }, 
     {
      "et": 27.62, 
      "confidence": 1.0, 
      "st": 25.5, 
      "label": "neutral"
     }, 
     {
      "et": 39.82, 
      "confidence": 1.0, 
      "st": 28.25, 
      "label": "neutral"
     }, 
     {
      "et": 40.77, 
      "confidence": 1.0, 
      "st": 40.3, 
      "label": "neutral"
     }, 
     {
      "et": 42.72, 
      "confidence": 1.0, 
      "st": 41.35, 
      "label": "neutral"
     }, 
     {
      "et": 54.07, 
      "confidence": 1.0, 
      "st": 43.25, 
      "label": "neutral"
     }, 
     {
      "et": 55.52, 
      "confidence": 1.0, 
      "st": 54.8, 
      "label": "neutral"
     }, 
     {
      "et": 67.12, 
      "confidence": 1.0, 
      "st": 56.4, 
      "label": "neutral"
     }, 
     {
      "et": 70.67, 
      "confidence": 1.0, 
      "st": 67.75, 
      "label": "neutral"
     }, 
     {
      "et": 84.92, 
      "confidence": 1.0, 
      "st": 81.45, 
      "label": "neutral"
     }, 
     {
      "et": 92.62, 
      "confidence": 1.0, 
      "st": 90.95, 
      "label": "neutral"
     }, 
     {
      "et": 95.12, 
      "confidence": 1.0, 
      "st": 93.2, 
      "label": "neutral"
     }, 
     {
      "et": 96.82, 
      "confidence": 1.0, 
      "st": 96.2, 
      "label": "neutral"
     }
    ], 
    "politeness": [
     {
      "et": 24.77, 
      "confidence": 0.82, 
      "st": 20.25, 
      "label": "neutral"
     }, 
     {
      "et": 27.62, 
      "confidence": 1.0, 
      "st": 25.5, 
      "label": "neutral"
     }, 
     {
      "et": 39.82, 
      "confidence": 1.0, 
      "st": 28.25, 
      "label": "neutral"
     }, 
     {
      "et": 40.77, 
      "confidence": 1.0, 
      "st": 40.3, 
      "label": "neutral"
     }, 
     {
      "et": 42.72, 
      "confidence": 1.0, 
      "st": 41.35, 
      "label": "neutral"
     }, 
     {
      "et": 54.07, 
      "confidence": 1.0, 
      "st": 43.25, 
      "label": "neutral"
     }, 
     {
      "et": 55.52, 
      "confidence": 1.0, 
      "st": 54.8, 
      "label": "neutral"
     }, 
     {
      "et": 67.12, 
      "confidence": 1.0, 
      "st": 56.4, 
      "label": "neutral"
     }, 
     {
      "et": 70.67, 
      "confidence": 1.0, 
      "st": 67.75, 
      "label": "neutral"
     }, 
     {
      "et": 84.92, 
      "confidence": 1.0, 
      "st": 81.45, 
      "label": "neutral"
     }, 
     {
      "et": 92.62, 
      "confidence": 1.0, 
      "st": 90.95, 
      "label": "neutral"
     }, 
     {
      "et": 95.12, 
      "confidence": 1.0, 
      "st": 93.2, 
      "label": "neutral"
     }, 
     {
      "et": 96.82, 
      "confidence": 1.0, 
      "st": 96.2, 
      "label": "neutral"
     }
    ], 
    "positivity": [
     {
      "et": 24.77, 
      "confidence": 1.0, 
      "st": 20.25, 
      "label": "neutral"
     }, 
     {
      "et": 27.62, 
      "confidence": 1.0, 
      "st": 25.5, 
      "label": "neutral"
     }, 
     {
      "et": 39.82, 
      "confidence": 1.0, 
      "st": 28.25, 
      "label": "neutral"
     }, 
     {
      "et": 40.77, 
      "confidence": 1.0, 
      "st": 40.3, 
      "label": "neutral"
     }, 
     {
      "et": 42.72, 
      "confidence": 1.0, 
      "st": 41.35, 
      "label": "neutral"
     }, 
     {
      "et": 54.07, 
      "confidence": 1.0, 
      "st": 43.25, 
      "label": "neutral"
     }, 
     {
      "et": 55.52, 
      "confidence": 1.0, 
      "st": 54.8, 
      "label": "neutral"
     }, 
     {
      "et": 67.12, 
      "confidence": 1.0, 
      "st": 56.4, 
      "label": "neutral"
     }, 
     {
      "et": 70.67, 
      "confidence": 1.0, 
      "st": 67.75, 
      "label": "neutral"
     }, 
     {
      "et": 84.92, 
      "confidence": 1.0, 
      "st": 81.45, 
      "label": "neutral"
     }, 
     {
      "et": 92.62, 
      "confidence": 1.0, 
      "st": 90.95, 
      "label": "neutral"
     }, 
     {
      "et": 95.12, 
      "confidence": 1.0, 
      "st": 93.2, 
      "label": "neutral"
     }, 
     {
      "et": 96.82, 
      "confidence": 1.0, 
      "st": 96.2, 
      "label": "neutral"
     }
    ], 
    "engagement": [
     {
      "et": 24.77, 
      "confidence": 0.66, 
      "st": 20.25, 
      "label": "engaged"
     }, 
     {
      "et": 27.62, 
      "confidence": 1.0, 
      "st": 25.5, 
      "label": "neutral"
     }, 
     {
      "et": 39.82, 
      "confidence": 0.52, 
      "st": 28.25, 
      "label": "engaged"
     }, 
     {
      "et": 40.77, 
      "confidence": 1.0, 
      "st": 40.3, 
      "label": "neutral"
     }, 
     {
      "et": 42.72, 
      "confidence": 0.5, 
      "st": 41.35, 
      "label": "neutral"
     }, 
     {
      "et": 54.07, 
      "confidence": 0.56, 
      "st": 43.25, 
      "label": "neutral"
     }, 
     {
      "et": 55.52, 
      "confidence": 1.0, 
      "st": 54.8, 
      "label": "neutral"
     }, 
     {
      "et": 67.12, 
      "confidence": 0.66, 
      "st": 56.4, 
      "label": "engaged"
     }, 
     {
      "et": 70.67, 
      "confidence": 1.0, 
      "st": 67.75, 
      "label": "engaged"
     }, 
     {
      "et": 84.92, 
      "confidence": 0.74, 
      "st": 81.45, 
      "label": "neutral"
     }, 
     {
      "et": 92.62, 
      "confidence": 1.0, 
      "st": 90.95, 
      "label": "engaged"
     }, 
     {
      "et": 95.12, 
      "confidence": 1.0, 
      "st": 93.2, 
      "label": "neutral"
     }, 
     {
      "et": 96.82, 
      "confidence": 1.0, 
      "st": 96.2, 
      "label": "neutral"
     }
    ], 
    "strength": [
     {
      "et": 24.77, 
      "confidence": 1.0, 
      "st": 20.25, 
      "label": "neutral"
     }, 
     {
      "et": 27.62, 
      "confidence": 1.0, 
      "st": 25.5, 
      "label": "neutral"
     }, 
     {
      "et": 39.82, 
      "confidence": 1.0, 
      "st": 28.25, 
      "label": "neutral"
     }, 
     {
      "et": 40.77, 
      "confidence": 1.0, 
      "st": 40.3, 
      "label": "neutral"
     }, 
     {
      "et": 42.72, 
      "confidence": 1.0, 
      "st": 41.35, 
      "label": "neutral"
     }, 
     {
      "et": 54.07, 
      "confidence": 1.0, 
      "st": 43.25, 
      "label": "neutral"
     }, 
     {
      "et": 55.52, 
      "confidence": 1.0, 
      "st": 54.8, 
      "label": "calm"
     }, 
     {
      "et": 67.12, 
      "confidence": 0.94, 
      "st": 56.4, 
      "label": "neutral"
     }, 
     {
      "et": 70.67, 
      "confidence": 0.56, 
      "st": 67.75, 
      "label": "calm"
     }, 
     {
      "et": 84.92, 
      "confidence": 0.74, 
      "st": 81.45, 
      "label": "calm"
     }, 
     {
      "et": 92.62, 
      "confidence": 1.0, 
      "st": 90.95, 
      "label": "calm"
     }, 
     {
      "et": 95.12, 
      "confidence": 1.0, 
      "st": 93.2, 
      "label": "neutral"
     }, 
     {
      "et": 96.82, 
      "confidence": 1.0, 
      "st": 96.2, 
      "label": "calm"
     }
    ]
   }, 
   "agent": {
    "emotion": [
     {
      "et": 3.07, 
      "confidence": 1.0, 
      "st": 0.0, 
      "label": "neutral"
     }, 
     {
      "et": 10.07, 
      "confidence": 1.0, 
      "st": 3.85, 
      "label": "neutral"
     }, 
     {
      "et": 11.47, 
      "confidence": 1.0, 
      "st": 10.7, 
      "label": "neutral"
     }, 
     {
      "et": 15.07, 
      "confidence": 1.0, 
      "st": 12.25, 
      "label": "neutral"
     }, 
     {
      "et": 18.12, 
      "confidence": 1.0, 
      "st": 15.6, 
      "label": "neutral"
     }, 
     {
      "et": 20.22, 
      "confidence": 1.0, 
      "st": 19.6, 
      "label": "neutral"
     }, 
     {
      "et": 90.57, 
      "confidence": 1.0, 
      "st": 85.5, 
      "label": "neutral"
     }, 
     {
      "et": 106.47, 
      "confidence": 1.0, 
      "st": 102.85, 
      "label": "neutral"
     }, 
     {
      "et": 109.62, 
      "confidence": 1.0, 
      "st": 107.1, 
      "label": "neutral"
     }, 
     {
      "et": 112.62, 
      "confidence": 1.0, 
      "st": 110.2, 
      "label": "neutral"
     }, 
     {
      "et": 117.37, 
      "confidence": 0.92, 
      "st": 113.2, 
      "label": "neutral"
     }
    ], 
    "politeness": [
     {
      "et": 3.07, 
      "confidence": 1.0, 
      "st": 0.0, 
      "label": "polite"
     }, 
     {
      "et": 10.07, 
      "confidence": 0.65, 
      "st": 3.85, 
      "label": "neutral"
     }, 
     {
      "et": 11.47, 
      "confidence": 1.0, 
      "st": 10.7, 
      "label": "neutral"
     }, 
     {
      "et": 15.07, 
      "confidence": 0.98, 
      "st": 12.25, 
      "label": "polite"
     }, 
     {
      "et": 18.12, 
      "confidence": 0.96, 
      "st": 15.6, 
      "label": "neutral"
     }, 
     {
      "et": 20.22, 
      "confidence": 1.0, 
      "st": 19.6, 
      "label": "polite"
     }, 
     {
      "et": 90.57, 
      "confidence": 1.0, 
      "st": 85.5, 
      "label": "neutral"
     }, 
     {
      "et": 106.47, 
      "confidence": 1.0, 
      "st": 102.85, 
      "label": "neutral"
     }, 
     {
      "et": 109.62, 
      "confidence": 0.63, 
      "st": 107.1, 
      "label": "polite"
     }, 
     {
      "et": 112.62, 
      "confidence": 0.65, 
      "st": 110.2, 
      "label": "neutral"
     }, 
     {
      "et": 117.37, 
      "confidence": 0.92, 
      "st": 113.2, 
      "label": "neutral"
     }
    ], 
    "positivity": [
     {
      "et": 3.07, 
      "confidence": 0.98, 
      "st": 0.0, 
      "label": "neutral"
     }, 
     {
      "et": 10.07, 
      "confidence": 0.65, 
      "st": 3.85, 
      "label": "neutral"
     }, 
     {
      "et": 11.47, 
      "confidence": 1.0, 
      "st": 10.7, 
      "label": "neutral"
     }, 
     {
      "et": 15.07, 
      "confidence": 1.0, 
      "st": 12.25, 
      "label": "neutral"
     }, 
     {
      "et": 18.12, 
      "confidence": 1.0, 
      "st": 15.6, 
      "label": "neutral"
     }, 
     {
      "et": 20.22, 
      "confidence": 1.0, 
      "st": 19.6, 
      "label": "neutral"
     }, 
     {
      "et": 90.57, 
      "confidence": 1.0, 
      "st": 85.5, 
      "label": "neutral"
     }, 
     {
      "et": 106.47, 
      "confidence": 0.6, 
      "st": 102.85, 
      "label": "positive"
     }, 
     {
      "et": 109.62, 
      "confidence": 0.63, 
      "st": 107.1, 
      "label": "positive"
     }, 
     {
      "et": 112.62, 
      "confidence": 1.0, 
      "st": 110.2, 
      "label": "positive"
     }, 
     {
      "et": 117.37, 
      "confidence": 0.71, 
      "st": 113.2, 
      "label": "neutral"
     }
    ], 
    "engagement": [
     {
      "et": 3.07, 
      "confidence": 1.0, 
      "st": 0.0, 
      "label": "engaged"
     }, 
     {
      "et": 10.07, 
      "confidence": 1.0, 
      "st": 3.85, 
      "label": "engaged"
     }, 
     {
      "et": 11.47, 
      "confidence": 1.0, 
      "st": 10.7, 
      "label": "engaged"
     }, 
     {
      "et": 15.07, 
      "confidence": 1.0, 
      "st": 12.25, 
      "label": "engaged"
     }, 
     {
      "et": 18.12, 
      "confidence": 0.96, 
      "st": 15.6, 
      "label": "engaged"
     }, 
     {
      "et": 20.22, 
      "confidence": 1.0, 
      "st": 19.6, 
      "label": "neutral"
     }, 
     {
      "et": 90.57, 
      "confidence": 1.0, 
      "st": 85.5, 
      "label": "engaged"
     }, 
     {
      "et": 106.47, 
      "confidence": 1.0, 
      "st": 102.85, 
      "label": "engaged"
     }, 
     {
      "et": 109.62, 
      "confidence": 1.0, 
      "st": 107.1, 
      "label": "engaged"
     }, 
     {
      "et": 112.62, 
      "confidence": 1.0, 
      "st": 110.2, 
      "label": "engaged"
     }, 
     {
      "et": 117.37, 
      "confidence": 1.0, 
      "st": 113.2, 
      "label": "engaged"
     }
    ], 
    "strength": [
     {
      "et": 3.07, 
      "confidence": 1.0, 
      "st": 0.0, 
      "label": "neutral"
     }, 
     {
      "et": 10.07, 
      "confidence": 1.0, 
      "st": 3.85, 
      "label": "neutral"
     }, 
     {
      "et": 11.47, 
      "confidence": 1.0, 
      "st": 10.7, 
      "label": "neutral"
     }, 
     {
      "et": 15.07, 
      "confidence": 1.0, 
      "st": 12.25, 
      "label": "neutral"
     }, 
     {
      "et": 18.12, 
      "confidence": 1.0, 
      "st": 15.6, 
      "label": "neutral"
     }, 
     {
      "et": 20.22, 
      "confidence": 1.0, 
      "st": 19.6, 
      "label": "neutral"
     }, 
     {
      "et": 90.57, 
      "confidence": 0.89, 
      "st": 85.5, 
      "label": "neutral"
     }, 
     {
      "et": 106.47, 
      "confidence": 1.0, 
      "st": 102.85, 
      "label": "neutral"
     }, 
     {
      "et": 109.62, 
      "confidence": 1.0, 
      "st": 107.1, 
      "label": "neutral"
     }, 
     {
      "et": 112.62, 
      "confidence": 1.0, 
      "st": 110.2, 
      "label": "neutral"
     }, 
     {
      "et": 117.37, 
      "confidence": 1.0, 
      "st": 113.2, 
      "label": "neutral"
     }
    ]
   }
  }
 }, 
 "kpi": {
  "escalation": false, 
  "success": 0.75, 
  "satisfaction": 0.31, 
  "propensity": 0.53, 
  "trends": {
   "customer_positivity": 0.0
  }, 
  "agentperfscore": 0.31, 
  "resolution": false
 }
}