{
 "core": {
  "behaviors": [
   {
    "key": "emotion", 
    "value": [
     {
      "value": {
       "customer": 0.89, 
       "agent": 0.9
      }, 
      "label": "neutral"
     }, 
     {
      "value": {
       "customer": 0.0, 
       "agent": 0.0
      }, 
      "label": "sad"
     }, 
     {
      "value": {
       "customer": 0.0, 
       "agent": 0.0
      }, 
      "label": "frustrated"
     }, 
     {
      "value": {
       "customer": 0.0, 
       "agent": 0.0
      }, 
      "label": "angry"
     }, 
     {
      "value": {
       "customer": 0.11, 
       "agent": 0.1
      }, 
      "label": "happy"
     }
    ]
   }, 
   {
    "key": "politeness", 
    "value": [
     {
      "value": {
       "customer": 0.88, 
       "agent": 0.47
      }, 
      "label": "neutral"
     }, 
     {
      "value": {
       "customer": 0.12, 
       "agent": 0.53
      }, 
      "label": "polite"
     }, 
     {
      "value": {
       "customer": 0.0, 
       "agent": 0.0
      }, 
      "label": "rude"
     }
    ]
   }, 
   {
    "key": "positivity", 
    "value": [
     {
      "value": {
       "customer": 0.1, 
       "agent": 0.16
      }, 
      "label": "positive"
     }, 
     {
      "value": {
       "customer": 0.9, 
       "agent": 0.84
      }, 
      "label": "neutral"
     }, 
     {
      "value": {
       "customer": 0.0, 
       "agent": 0.0
      }, 
      "label": "negative"
     }
    ]
   }, 
   {
    "key": "strength", 
    "value": [
     {
      "value": {
       "customer": 1.0, 
       "agent": 0.91
      }, 
      "label": "neutral"
     }, 
     {
      "value": {
       "customer": 0.0, 
       "agent": 0.0
      }, 
      "label": "calm"
     }, 
     {
      "value": {
       "customer": 0.0, 
       "agent": 0.09
      }, 
      "label": "agitated"
     }
    ]
   }, 
   {
    "key": "engagement", 
    "value": [
     {
      "value": {
       "customer": 0.1, 
       "agent": 0.06
      }, 
      "label": "neutral"
     }, 
     {
      "value": {
       "customer": 0.9, 
       "agent": 0.85
      }, 
      "label": "engaged"
     }, 
     {
      "value": {
       "customer": 0.0, 
       "agent": 0.09
      }, 
      "label": "withdrawn"
     }
    ]
   }
  ], 
  "soundquality": {
   "customer": 0.05, 
   "agent": null
  }, 
  "strength": {
   "customer": 0.5, 
   "agent": 0.54
  }, 
  "positivity": {
   "customer": 0.55, 
   "agent": 0.58
  }, 
  "engagement": {
   "customer": 0.95, 
   "agent": 0.88
  }, 
  "emotions": {
   "anger": {
    "customer": 0.0, 
    "agent": 0.0
   }, 
   "happy": {
    "customer": 0.11, 
    "agent": 0.1
   }, 
   "frustration": {
    "customer": 0.0, 
    "agent": 0.0
   }, 
   "sad": {
    "customer": 0.0, 
    "agent": 0.0
   }
  }, 
  "empathy": null, 
  "politeness": {
   "customer": 0.56, 
   "agent": 0.76
  }, 
  "diarization": {
   "customer": [
    {
     "et": 25.02, 
     "st": 19.66
    }, 
    {
     "et": 27.68, 
     "st": 25.57
    }, 
    {
     "et": 34.76, 
     "st": 28.27
    }, 
    {
     "et": 39.86, 
     "st": 35.1
    }, 
    {
     "et": 40.82, 
     "st": 40.23
    }, 
    {
     "et": 42.7, 
     "st": 41.34
    }, 
    {
     "et": 45.23, 
     "st": 43.27
    }, 
    {
     "et": 54.09, 
     "st": 45.53
    }, 
    {
     "et": 55.54, 
     "st": 54.78
    }, 
    {
     "et": 59.27, 
     "st": 56.41
    }, 
    {
     "et": 62.09, 
     "st": 59.68
    }, 
    {
     "et": 67.12, 
     "st": 62.4
    }, 
    {
     "et": 70.7, 
     "st": 67.74
    }, 
    {
     "et": 76.35, 
     "st": 74.39
    }, 
    {
     "et": 77.66, 
     "st": 77.34
    }, 
    {
     "et": 78.52, 
     "st": 78.06
    }, 
    {
     "et": 79.57, 
     "st": 78.81
    }, 
    {
     "et": 80.74, 
     "st": 80.07
    }, 
    {
     "et": 82.96, 
     "st": 81.45
    }, 
    {
     "et": 85.06, 
     "st": 83.25
    }, 
    {
     "et": 92.63, 
     "st": 90.97
    }, 
    {
     "et": 94.11, 
     "st": 93.2
    }, 
    {
     "et": 95.13, 
     "st": 94.52
    }, 
    {
     "et": 96.82, 
     "st": 96.21
    }, 
    {
     "et": 100.68, 
     "st": 100.22
    }
   ], 
   "agent": [
    {
     "et": 2.24, 
     "st": 0.0
    }, 
    {
     "et": 3.09, 
     "st": 2.63
    }, 
    {
     "et": 4.45, 
     "st": 3.84
    }, 
    {
     "et": 6.45, 
     "st": 4.79
    }, 
    {
     "et": 10.1, 
     "st": 6.79
    }, 
    {
     "et": 11.53, 
     "st": 10.71
    }, 
    {
     "et": 15.09, 
     "st": 12.23
    }, 
    {
     "et": 18.0, 
     "st": 15.59
    }, 
    {
     "et": 90.6, 
     "st": 85.49
    }, 
    {
     "et": 106.47, 
     "st": 102.86
    }, 
    {
     "et": 109.65, 
     "st": 107.09
    }, 
    {
     "et": 112.62, 
     "st": 110.21
    }, 
    {
     "et": 116.79, 
     "st": 113.18
    }, 
    {
     "et": 119.88, 
     "st": 117.08
    }
   ]
  }
 }, 
 "basic": {
  "lang": {
   "english": {
    "customer": 0.9, 
    "agent": 0.85
   }, 
   "spanish": {
    "customer": 0.1, 
    "agent": 0.15
   }
  }, 
  "utterances": {
   "customer": 19, 
   "agent": 10
  }, 
  "gender": {
   "customer": 2, 
   "agent": 1
  }, 
  "age": {
   "customer": 1, 
   "agent": 1
  }, 
  "vad": {
   "customer": 56.84, 
   "agent": 35.8, 
   "overlap": 0.0, 
   "silence": 27.36
  }, 
  "speakerchanges": 4, 
  "numbeepfound": 0, 
  "id": {
   "customer": 1, 
   "agent": 0
  }, 
  "numringfound": 0, 
  "totalduration": 120.0
 }, 
 "events": {
  "callflow": {
   "beep": [], 
   "ring": []
  }, 
  "behavioral": {
   "customer": {
    "emotion": [
     {
      "et": 24.32, 
      "confidence": 0.64, 
      "st": 19.65, 
      "label": "neutral"
     }, 
     {
      "et": 25.02, 
      "confidence": 1.0, 
      "st": 24.8, 
      "label": "happy"
     }, 
     {
      "et": 27.67, 
      "confidence": 0.7, 
      "st": 25.55, 
      "label": "happy"
     }, 
     {
      "et": 36.67, 
      "confidence": 1.0, 
      "st": 28.25, 
      "label": "neutral"
     }, 
     {
      "et": 40.82, 
      "confidence": 1.0, 
      "st": 37.15, 
      "label": "neutral"
     }, 
     {
      "et": 42.67, 
      "confidence": 1.0, 
      "st": 41.6, 
      "label": "neutral"
     }, 
     {
      "et": 54.07, 
      "confidence": 1.0, 
      "st": 43.25, 
      "label": "neutral"
     }, 
     {
      "et": 55.52, 
      "confidence": 1.0, 
      "st": 54.8, 
      "label": "neutral"
     }, 
     {
      "et": 62.22, 
      "confidence": 0.62, 
      "st": 56.4, 
      "label": "neutral"
     }, 
     {
      "et": 67.12, 
      "confidence": 0.93, 
      "st": 62.75, 
      "label": "neutral"
     }, 
     {
      "et": 76.32, 
      "confidence": 1.0, 
      "st": 74.4, 
      "label": "neutral"
     }, 
     {
      "et": 79.57, 
      "confidence": 1.0, 
      "st": 77.35, 
      "label": "neutral"
     }, 
     {
      "et": 85.02, 
      "confidence": 1.0, 
      "st": 81.45, 
      "label": "neutral"
     }, 
     {
      "et": 92.62, 
      "confidence": 1.0, 
      "st": 90.95, 
      "label": "neutral"
     }, 
     {
      "et": 94.32, 
      "confidence": 1.0, 
      "st": 93.2, 
      "label": "neutral"
     }, 
     {
      "et": 95.12, 
      "confidence": 1.0, 
      "st": 94.8, 
      "label": "neutral"
     }, 
     {
      "et": 100.67, 
      "confidence": 1.0, 
      "st": 100.2, 
      "label": "neutral"
     }
    ], 
    "politeness": [
     {
      "et": 24.32, 
      "confidence": 1.0, 
      "st": 19.65, 
      "label": "neutral"
     }, 
     {
      "et": 25.02, 
      "confidence": 1.0, 
      "st": 24.8, 
      "label": "neutral"
     }, 
     {
      "et": 27.67, 
      "confidence": 1.0, 
      "st": 25.55, 
      "label": "neutral"
     }, 
     {
      "et": 36.67, 
      "confidence": 1.0, 
      "st": 28.25, 
      "label": "neutral"
     }, 
     {
      "et": 40.82, 
      "confidence": 1.0, 
      "st": 37.15, 
      "label": "neutral"
     }, 
     {
      "et": 42.67, 
      "confidence": 1.0, 
      "st": 41.6, 
      "label": "neutral"
     }, 
     {
      "et": 54.07, 
      "confidence": 0.72, 
      "st": 43.25, 
      "label": "neutral"
     }, 
     {
      "et": 55.52, 
      "confidence": 1.0, 
      "st": 54.8, 
      "label": "neutral"
     }, 
     {
      "et": 62.22, 
      "confidence": 1.0, 
      "st": 56.4, 
      "label": "neutral"
     }, 
     {
      "et": 67.12, 
      "confidence": 0.75, 
      "st": 62.75, 
      "label": "neutral"
     }, 
     {
      "et": 76.32, 
      "confidence": 1.0, 
      "st": 74.4, 
      "label": "neutral"
     }, 
     {
      "et": 79.57, 
      "confidence": 1.0, 
      "st": 77.35, 
      "label": "neutral"
     }, 
     {
      "et": 85.02, 
      "confidence": 0.72, 
      "st": 81.45, 
      "label": "neutral"
     }, 
     {
      "et": 92.62, 
      "confidence": 1.0, 
      "st": 90.95, 
      "label": "neutral"
     }, 
     {
      "et": 94.32, 
      "confidence": 1.0, 
      "st": 93.2, 
      "label": "neutral"
     }, 
     {
      "et": 95.12, 
      "confidence": 1.0, 
      "st": 94.8, 
      "label": "neutral"
     }, 
     {
      "et": 100.67, 
      "confidence": 1.0, 
      "st": 100.2, 
      "label": "neutral"
     }
    ], 
    "positivity": [
     {
      "et": 24.32, 
      "confidence": 1.0, 
      "st": 19.65, 
      "label": "neutral"
     }, 
     {
      "et": 25.02, 
      "confidence": 1.0, 
      "st": 24.8, 
      "label": "neutral"
     }, 
     {
      "et": 27.67, 
      "confidence": 1.0, 
      "st": 25.55, 
      "label": "neutral"
     }, 
     {
      "et": 36.67, 
      "confidence": 0.64, 
      "st": 28.25, 
      "label": "neutral"
     }, 
     {
      "et": 40.82, 
      "confidence": 1.0, 
      "st": 37.15, 
      "label": "neutral"
     }, 
     {
      "et": 42.67, 
      "confidence": 1.0, 
      "st": 41.6, 
      "label": "neutral"
     }, 
     {
      "et": 54.07, 
      "confidence": 1.0, 
      "st": 43.25, 
      "label": "neutral"
     }, 
     {
      "et": 55.52, 
      "confidence": 1.0, 
      "st": 54.8, 
      "label": "neutral"
     }, 
     {
      "et": 62.22, 
      "confidence": 0.62, 
      "st": 56.4, 
      "label": "neutral"
     }, 
     {
      "et": 67.12, 
      "confidence": 0.93, 
      "st": 62.75, 
      "label": "neutral"
     }, 
     {
      "et": 76.32, 
      "confidence": 1.0, 
      "st": 74.4, 
      "label": "neutral"
     }, 
     {
      "et": 79.57, 
      "confidence": 1.0, 
      "st": 77.35, 
      "label": "neutral"
     }, 
     {
      "et": 85.02, 
      "confidence": 1.0, 
      "st": 81.45, 
      "label": "neutral"
     }, 
     {
      "et": 92.62, 
      "confidence": 1.0, 
      "st": 90.95, 
      "label": "neutral"
     }, 
     {
      "et": 94.32, 
      "confidence": 1.0, 
      "st": 93.2, 
      "label": "neutral"
     }, 
     {
      "et": 95.12, 
      "confidence": 1.0, 
      "st": 94.8, 
      "label": "neutral"
     }, 
     {
      "et": 100.67, 
      "confidence": 1.0, 
      "st": 100.2, 
      "label": "neutral"
     }
    ], 
    "engagement": [
     {
      "et": 24.32, 
      "confidence": 1.0, 
      "st": 19.65, 
      "label": "engaged"
     }, 
     {
      "et": 25.02, 
      "confidence": 1.0, 
      "st": 24.8, 
      "label": "engaged"
     }, 
     {
      "et": 27.67, 
      "confidence": 1.0, 
      "st": 25.55, 
      "label": "engaged"
     }, 
     {
      "et": 36.67, 
      "confidence": 1.0, 
      "st": 28.25, 
      "label": "engaged"
     }, 
     {
      "et": 40.82, 
      "confidence": 1.0, 
      "st": 37.15, 
      "label": "engaged"
     }, 
     {
      "et": 42.67, 
      "confidence": 1.0, 
      "st": 41.6, 
      "label": "engaged"
     }, 
     {
      "et": 54.07, 
      "confidence": 1.0, 
      "st": 43.25, 
      "label": "engaged"
     }, 
     {
      "et": 55.52, 
      "confidence": 1.0, 
      "st": 54.8, 
      "label": "engaged"
     }, 
     {
      "et": 62.22, 
      "confidence": 0.62, 
      "st": 56.4, 
      "label": "engaged"
     }, 
     {
      "et": 67.12, 
      "confidence": 0.93, 
      "st": 62.75, 
      "label": "engaged"
     }, 
     {
      "et": 76.32, 
      "confidence": 1.0, 
      "st": 74.4, 
      "label": "engaged"
     }, 
     {
      "et": 79.57, 
      "confidence": 0.69, 
      "st": 77.35, 
      "label": "neutral"
     }, 
     {
      "et": 85.02, 
      "confidence": 1.0, 
      "st": 81.45, 
      "label": "engaged"
     }, 
     {
      "et": 92.62, 
      "confidence": 1.0, 
      "st": 90.95, 
      "label": "engaged"
     }, 
     {
      "et": 94.32, 
      "confidence": 1.0, 
      "st": 93.2, 
      "label": "neutral"
     }, 
     {
      "et": 95.12, 
      "confidence": 1.0, 
      "st": 94.8, 
      "label": "neutral"
     }, 
     {
      "et": 100.67, 
      "confidence": 1.0, 
      "st": 100.2, 
      "label": "engaged"
     }
    ], 
    "strength": [
     {
      "et": 24.32, 
      "confidence": 1.0, 
      "st": 19.65, 
      "label": "neutral"
     }, 
     {
      "et": 25.02, 
      "confidence": 1.0, 
      "st": 24.8, 
      "label": "neutral"
     }, 
     {
      "et": 27.67, 
      "confidence": 1.0, 
      "st": 25.55, 
      "label": "neutral"
     }, 
     {
      "et": 36.67, 
      "confidence": 1.0, 
      "st": 28.25, 
      "label": "neutral"
     }, 
     {
      "et": 40.82, 
      "confidence": 1.0, 
      "st": 37.15, 
      "label": "neutral"
     }, 
     {
      "et": 42.67, 
      "confidence": 1.0, 
      "st": 41.6, 
      "label": "neutral"
     }, 
     {
      "et": 54.07, 
      "confidence": 1.0, 
      "st": 43.25, 
      "label": "neutral"
     }, 
     {
      "et": 55.52, 
      "confidence": 1.0, 
      "st": 54.8, 
      "label": "neutral"
     }, 
     {
      "et": 62.22, 
      "confidence": 1.0, 
      "st": 56.4, 
      "label": "neutral"
     }, 
     {
      "et": 67.12, 
      "confidence": 1.0, 
      "st": 62.75, 
      "label": "neutral"
     }, 
     {
      "et": 76.32, 
      "confidence": 1.0, 
      "st": 74.4, 
      "label": "neutral"
     }, 
     {
      "et": 79.57, 
      "confidence": 1.0, 
      "st": 77.35, 
      "label": "neutral"
     }, 
     {
      "et": 85.02, 
      "confidence": 1.0, 
      "st": 81.45, 
      "label": "neutral"
     }, 
     {
      "et": 92.62, 
      "confidence": 1.0, 
      "st": 90.95, 
      "label": "neutral"
     }, 
     {
      "et": 94.32, 
      "confidence": 1.0, 
      "st": 93.2, 
      "label": "neutral"
     }, 
     {
      "et": 95.12, 
      "confidence": 1.0, 
      "st": 94.8, 
      "label": "neutral"
     }, 
     {
      "et": 100.67, 
      "confidence": 1.0, 
      "st": 100.2, 
      "label": "neutral"
     }
    ]
   }, 
   "agent": {
    "emotion": [
     {
      "et": 3.07, 
      "confidence": 1.0, 
      "st": 0.0, 
      "label": "neutral"
     }, 
     {
      "et": 10.07, 
      "confidence": 1.0, 
      "st": 3.85, 
      "label": "neutral"
     }, 
     {
      "et": 11.52, 
      "confidence": 1.0, 
      "st": 10.7, 
      "label": "neutral"
     }, 
     {
      "et": 15.07, 
      "confidence": 1.0, 
      "st": 12.25, 
      "label": "neutral"
     }, 
     {
      "et": 17.97, 
      "confidence": 1.0, 
      "st": 15.6, 
      "label": "neutral"
     }, 
     {
      "et": 90.57, 
      "confidence": 0.59, 
      "st": 85.5, 
      "label": "happy"
     }, 
     {
      "et": 106.47, 
      "confidence": 1.0, 
      "st": 102.85, 
      "label": "neutral"
     }, 
     {
      "et": 109.62, 
      "confidence": 1.0, 
      "st": 107.1, 
      "label": "neutral"
     }, 
     {
      "et": 112.62, 
      "confidence": 1.0, 
      "st": 110.2, 
      "label": "neutral"
     }, 
     {
      "et": 117.32, 
      "confidence": 0.93, 
      "st": 113.2, 
      "label": "neutral"
     }
    ], 
    "politeness": [
     {
      "et": 3.07, 
      "confidence": 1.0, 
      "st": 0.0, 
      "label": "polite"
     }, 
     {
      "et": 10.07, 
      "confidence": 0.83, 
      "st": 3.85, 
      "label": "polite"
     }, 
     {
      "et": 11.52, 
      "confidence": 1.0, 
      "st": 10.7, 
      "label": "neutral"
     }, 
     {
      "et": 15.07, 
      "confidence": 1.0, 
      "st": 12.25, 
      "label": "polite"
     }, 
     {
      "et": 17.97, 
      "confidence": 1.0, 
      "st": 15.6, 
      "label": "polite"
     }, 
     {
      "et": 90.57, 
      "confidence": 0.7, 
      "st": 85.5, 
      "label": "neutral"
     }, 
     {
      "et": 106.47, 
      "confidence": 0.6, 
      "st": 102.85, 
      "label": "polite"
     }, 
     {
      "et": 109.62, 
      "confidence": 1.0, 
      "st": 107.1, 
      "label": "neutral"
     }, 
     {
      "et": 112.62, 
      "confidence": 1.0, 
      "st": 110.2, 
      "label": "neutral"
     }, 
     {
      "et": 117.32, 
      "confidence": 0.93, 
      "st": 113.2, 
      "label": "neutral"
     }
    ], 
    "positivity": [
     {
      "et": 3.07, 
      "confidence": 1.0, 
      "st": 0.0, 
      "label": "neutral"
     }, 
     {
      "et": 10.07, 
      "confidence": 1.0, 
      "st": 3.85, 
      "label": "neutral"
     }, 
     {
      "et": 11.52, 
      "confidence": 1.0, 
      "st": 10.7, 
      "label": "neutral"
     }, 
     {
      "et": 15.07, 
      "confidence": 1.0, 
      "st": 12.25, 
      "label": "neutral"
     }, 
     {
      "et": 17.97, 
      "confidence": 1.0, 
      "st": 15.6, 
      "label": "neutral"
     }, 
     {
      "et": 90.57, 
      "confidence": 1.0, 
      "st": 85.5, 
      "label": "neutral"
     }, 
     {
      "et": 106.47, 
      "confidence": 0.6, 
      "st": 102.85, 
      "label": "positive"
     }, 
     {
      "et": 109.62, 
      "confidence": 1.0, 
      "st": 107.1, 
      "label": "neutral"
     }, 
     {
      "et": 112.62, 
      "confidence": 1.0, 
      "st": 110.2, 
      "label": "neutral"
     }, 
     {
      "et": 117.32, 
      "confidence": 0.8, 
      "st": 113.2, 
      "label": "positive"
     }
    ], 
    "engagement": [
     {
      "et": 3.07, 
      "confidence": 1.0, 
      "st": 0.0, 
      "label": "engaged"
     }, 
     {
      "et": 10.07, 
      "confidence": 0.48, 
      "st": 3.85, 
      "label": "withdrawn"
     }, 
     {
      "et": 11.52, 
      "confidence": 1.0, 
      "st": 10.7, 
      "label": "neutral"
     }, 
     {
      "et": 15.07, 
      "confidence": 1.0, 
      "st": 12.25, 
      "label": "engaged"
     }, 
     {
      "et": 17.97, 
      "confidence": 1.0, 
      "st": 15.6, 
      "label": "engaged"
     }, 
     {
      "et": 90.57, 
      "confidence": 1.0, 
      "st": 85.5, 
      "label": "engaged"
     }, 
     {
      "et": 106.47, 
      "confidence": 1.0, 
      "st": 102.85, 
      "label": "engaged"
     }, 
     {
      "et": 109.62, 
      "confidence": 1.0, 
      "st": 107.1, 
      "label": "engaged"
     }, 
     {
      "et": 112.62, 
      "confidence": 1.0, 
      "st": 110.2, 
      "label": "engaged"
     }, 
     {
      "et": 117.32, 
      "confidence": 1.0, 
      "st": 113.2, 
      "label": "engaged"
     }
    ], 
    "strength": [
     {
      "et": 3.07, 
      "confidence": 1.0, 
      "st": 0.0, 
      "label": "neutral"
     }, 
     {
      "et": 10.07, 
      "confidence": 1.0, 
      "st": 3.85, 
      "label": "neutral"
     }, 
     {
      "et": 11.52, 
      "confidence": 1.0, 
      "st": 10.7, 
      "label": "neutral"
     }, 
     {
      "et": 15.07, 
      "confidence": 1.0, 
      "st": 12.25, 
      "label": "neutral"
     }, 
     {
      "et": 17.97, 
      "confidence": 1.0, 
      "st": 15.6, 
      "label": "neutral"
     }, 
     {
      "et": 90.57, 
      "confidence": 0.59, 
      "st": 85.5, 
      "label": "agitated"
     }, 
     {
      "et": 106.47, 
      "confidence": 1.0, 
      "st": 102.85, 
      "label": "neutral"
     }, 
     {
      "et": 109.62, 
      "confidence": 1.0, 
      "st": 107.1, 
      "label": "neutral"
     }, 
     {
      "et": 112.62, 
      "confidence": 1.0, 
      "st": 110.2, 
      "label": "neutral"
     }, 
     {
      "et": 117.32, 
      "confidence": 1.0, 
      "st": 113.2, 
      "label": "neutral"
     }
    ]
   }
  }
 }, 
 "kpi": {
  "escalation": false, 
  "success": 0.54, 
  "satisfaction": 0.24, 
  "propensity": 0.39, 
  "trends": {
   "customer_positivity": -0.01
  }, 
  "agentperfscore": 0.29, 
  "resolution": false
 }
}