{
 "core": {
  "behaviors": [
   {
    "key": "emotion", 
    "value": [
     {
      "value": {
       "customer": 0.95, 
       "agent": 0.66
      }, 
      "label": "neutral"
     }, 
     {
      "value": {
       "customer": 0.0, 
       "agent": 0.0
      }, 
      "label": "sad"
     }, 
     {
      "value": {
       "customer": 0.05, 
       "agent": 0.24
      }, 
      "label": "frustrated"
     }, 
     {
      "value": {
       "customer": 0.0, 
       "agent": 0.0
      }, 
      "label": "angry"
     }, 
     {
      "value": {
       "customer": 0.0, 
       "agent": 0.1
      }, 
      "label": "happy"
     }
    ]
   }, 
   {
    "key": "politeness", 
    "value": [
     {
      "value": {
       "customer": 0.75, 
       "agent": 0.31
      }, 
      "label": "neutral"
     }, 
     {
      "value": {
       "customer": 0.25, 
       "agent": 0.69
      }, 
      "label": "polite"
     }, 
     {
      "value": {
       "customer": 0.0, 
       "agent": 0.0
      }, 
      "label": "rude"
     }
    ]
   }, 
   {
    "key": "positivity", 
    "value": [
     {
      "value": {
       "customer": 0.18, 
       "agent": 0.33
      }, 
      "label": "positive"
     }, 
     {
      "value": {
       "customer": 0.82, 
       "agent": 0.5
      }, 
      "label": "neutral"
     }, 
     {
      "value": {
       "customer": 0.0, 
       "agent": 0.17
      }, 
      "label": "negative"
     }
    ]
   }, 
   {
    "key": "strength", 
    "value": [
     {
      "value": {
       "customer": 0.88, 
       "agent": 0.76
      }, 
      "label": "neutral"
     }, 
     {
      "value": {
       "customer": 0.12, 
       "agent": 0.07
      }, 
      "label": "calm"
     }, 
     {
      "value": {
       "customer": 0.0, 
       "agent": 0.17
      }, 
      "label": "agitated"
     }
    ]
   }, 
   {
    "key": "engagement", 
    "value": [
     {
      "value": {
       "customer": 0.08, 
       "agent": 0.07
      }, 
      "label": "neutral"
     }, 
     {
      "value": {
       "customer": 0.92, 
       "agent": 0.93
      }, 
      "label": "engaged"
     }, 
     {
      "value": {
       "customer": 0.0, 
       "agent": 0.0
      }, 
      "label": "withdrawn"
     }
    ]
   }
  ], 
  "soundquality": {
   "customer": 0.06, 
   "agent": null
  }, 
  "strength": {
   "customer": 0.44, 
   "agent": 0.55
  }, 
  "positivity": {
   "customer": 0.59, 
   "agent": 0.58
  }, 
  "engagement": {
   "customer": 0.96, 
   "agent": 0.96
  }, 
  "emotions": {
   "anger": {
    "customer": 0.0, 
    "agent": 0.0
   }, 
   "happy": {
    "customer": 0.0, 
    "agent": 0.1
   }, 
   "frustration": {
    "customer": 0.05, 
    "agent": 0.24
   }, 
   "sad": {
    "customer": 0.0, 
    "agent": 0.0
   }
  }, 
  "empathy": null, 
  "politeness": {
   "customer": 0.62, 
   "agent": 0.84
  }, 
  "diarization": {
   "customer": [
    {
     "et": 24.35, 
     "st": 19.67
    }, 
    {
     "et": 27.74, 
     "st": 25.32
    }, 
    {
     "et": 35.15, 
     "st": 28.28
    }, 
    {
     "et": 36.69, 
     "st": 35.93
    }, 
    {
     "et": 39.87, 
     "st": 37.17
    }, 
    {
     "et": 42.72, 
     "st": 41.61
    }, 
    {
     "et": 54.11, 
     "st": 43.28
    }, 
    {
     "et": 55.57, 
     "st": 54.8
    }, 
    {
     "et": 62.25, 
     "st": 56.42
    }, 
    {
     "et": 67.14, 
     "st": 62.78
    }, 
    {
     "et": 70.73, 
     "st": 67.75
    }, 
    {
     "et": 76.37, 
     "st": 74.4
    }, 
    {
     "et": 79.59, 
     "st": 77.37
    }, 
    {
     "et": 84.94, 
     "st": 81.47
    }, 
    {
     "et": 92.65, 
     "st": 90.98
    }, 
    {
     "et": 95.15, 
     "st": 93.21
    }, 
    {
     "et": 96.84, 
     "st": 96.22
    }, 
    {
     "et": 100.7, 
     "st": 100.23
    }
   ], 
   "agent": [
    {
     "et": 2.17, 
     "st": -0.02
    }, 
    {
     "et": 3.11, 
     "st": 2.64
    }, 
    {
     "et": 10.12, 
     "st": 3.85
    }, 
    {
     "et": 11.4, 
     "st": 10.72
    }, 
    {
     "et": 15.11, 
     "st": 12.24
    }, 
    {
     "et": 18.02, 
     "st": 15.6
    }, 
    {
     "et": 90.62, 
     "st": 85.5
    }, 
    {
     "et": 106.49, 
     "st": 102.87
    }, 
    {
     "et": 109.67, 
     "st": 107.1
    }, 
    {
     "et": 112.64, 
     "st": 110.22
    }, 
    {
     "et": 119.55, 
     "st": 113.19
    }
   ]
  }
 }, 
 "basic": {
  "lang": {
   "english": {
    "customer": 0.93, 
    "agent": 0.85
   }, 
   "spanish": {
    "customer": 0.07, 
    "agent": 0.15
   }
  }, 
  "utterances": {
   "customer": 18, 
   "agent": 11
  }, 
  "gender": {
   "customer": 2, 
   "agent": 1
  }, 
  "age": {
   "customer": 1, 
   "agent": 1
  }, 
  "vad": {
   "customer": 55.47, 
   "agent": 34.99, 
   "overlap": 0.0, 
   "silence": 29.55
  }, 
  "speakerchanges": 4, 
  "numbeepfound": 0, 
  "id": {
   "customer": 1, 
   "agent": 0
  }, 
  "numringfound": 0, 
  "totalduration": 120.01
 }, 
 "events": {
  "callflow": {
   "beep": [], 
   "ring": []
  }, 
  "behavioral": {
   "customer": {
    "emotion": [
     {
      "et": 24.32, 
      "confidence": 1.0, 
      "st": 19.65, 
      "label": "neutral"
     }, 
     {
      "et": 27.72, 
      "confidence": 1.0, 
      "st": 25.3, 
      "label": "neutral"
     }, 
     {
      "et": 35.12, 
      "confidence": 1.0, 
      "st": 28.3, 
      "label": "neutral"
     }, 
     {
      "et": 36.67, 
      "confidence": 0.87, 
      "st": 35.95, 
      "label": "frustrated"
     }, 
     {
      "et": 39.82, 
      "confidence": 0.7, 
      "st": 37.15, 
      "label": "frustrated"
     }, 
     {
      "et": 42.67, 
      "confidence": 1.0, 
      "st": 41.6, 
      "label": "neutral"
     }, 
     {
      "et": 54.07, 
      "confidence": 1.0, 
      "st": 43.3, 
      "label": "neutral"
     }, 
     {
      "et": 55.52, 
      "confidence": 1.0, 
      "st": 54.8, 
      "label": "neutral"
     }, 
     {
      "et": 62.22, 
      "confidence": 1.0, 
      "st": 56.4, 
      "label": "neutral"
     }, 
     {
      "et": 67.12, 
      "confidence": 1.0, 
      "st": 62.8, 
      "label": "neutral"
     }, 
     {
      "et": 70.72, 
      "confidence": 1.0, 
      "st": 67.75, 
      "label": "neutral"
     }, 
     {
      "et": 76.32, 
      "confidence": 1.0, 
      "st": 74.4, 
      "label": "neutral"
     }, 
     {
      "et": 79.57, 
      "confidence": 1.0, 
      "st": 77.35, 
      "label": "neutral"
     }, 
     {
      "et": 84.92, 
      "confidence": 1.0, 
      "st": 81.45, 
      "label": "neutral"
     }, 
     {
      "et": 92.62, 
      "confidence": 1.0, 
      "st": 91.0, 
      "label": "neutral"
     }, 
     {
      "et": 95.12, 
      "confidence": 1.0, 
      "st": 93.2, 
      "label": "neutral"
     }
    ], 
    "politeness": [
     {
      "et": 24.32, 
      "confidence": 0.94, 
      "st": 19.65, 
      "label": "neutral"
     }, 
     {
      "et": 27.72, 
      "confidence": 0.71, 
      "st": 25.3, 
      "label": "polite"
     }, 
     {
      "et": 35.12, 
      "confidence": 1.0, 
      "st": 28.3, 
      "label": "neutral"
     }, 
     {
      "et": 36.67, 
      "confidence": 1.0, 
      "st": 35.95, 
      "label": "neutral"
     }, 
     {
      "et": 39.82, 
      "confidence": 1.0, 
      "st": 37.15, 
      "label": "neutral"
     }, 
     {
      "et": 42.67, 
      "confidence": 1.0, 
      "st": 41.6, 
      "label": "neutral"
     }, 
     {
      "et": 54.07, 
      "confidence": 0.72, 
      "st": 43.3, 
      "label": "neutral"
     }, 
     {
      "et": 55.52, 
      "confidence": 1.0, 
      "st": 54.8, 
      "label": "neutral"
     }, 
     {
      "et": 62.22, 
      "confidence": 0.62, 
      "st": 56.4, 
      "label": "neutral"
     }, 
     {
      "et": 67.12, 
      "confidence": 0.69, 
      "st": 62.8, 
      "label": "neutral"
     }, 
     {
      "et": 70.72, 
      "confidence": 0.57, 
      "st": 67.75, 
      "label": "neutral"
     }, 
     {
      "et": 76.32, 
      "confidence": 1.0, 
      "st": 74.4, 
      "label": "neutral"
     }, 
     {
      "et": 79.57, 
      "confidence": 1.0, 
      "st": 77.35, 
      "label": "neutral"
     }, 
     {
      "et": 84.92, 
      "confidence": 1.0, 
      "st": 81.45, 
      "label": "neutral"
     }, 
     {
      "et": 92.62, 
      "confidence": 1.0, 
      "st": 91.0, 
      "label": "polite"
     }, 
     {
      "et": 95.12, 
      "confidence": 1.0, 
      "st": 93.2, 
      "label": "polite"
     }
    ], 
    "positivity": [
     {
      "et": 24.32, 
      "confidence": 0.7, 
      "st": 19.65, 
      "label": "neutral"
     }, 
     {
      "et": 27.72, 
      "confidence": 1.0, 
      "st": 25.3, 
      "label": "neutral"
     }, 
     {
      "et": 35.12, 
      "confidence": 0.56, 
      "st": 28.3, 
      "label": "neutral"
     }, 
     {
      "et": 36.67, 
      "confidence": 1.0, 
      "st": 35.95, 
      "label": "neutral"
     }, 
     {
      "et": 39.82, 
      "confidence": 0.7, 
      "st": 37.15, 
      "label": "neutral"
     }, 
     {
      "et": 42.67, 
      "confidence": 0.59, 
      "st": 41.6, 
      "label": "neutral"
     }, 
     {
      "et": 54.07, 
      "confidence": 1.0, 
      "st": 43.3, 
      "label": "neutral"
     }, 
     {
      "et": 55.52, 
      "confidence": 1.0, 
      "st": 54.8, 
      "label": "neutral"
     }, 
     {
      "et": 62.22, 
      "confidence": 0.62, 
      "st": 56.4, 
      "label": "neutral"
     }, 
     {
      "et": 67.12, 
      "confidence": 0.94, 
      "st": 62.8, 
      "label": "neutral"
     }, 
     {
      "et": 70.72, 
      "confidence": 1.0, 
      "st": 67.75, 
      "label": "neutral"
     }, 
     {
      "et": 76.32, 
      "confidence": 1.0, 
      "st": 74.4, 
      "label": "neutral"
     }, 
     {
      "et": 79.57, 
      "confidence": 1.0, 
      "st": 77.35, 
      "label": "neutral"
     }, 
     {
      "et": 84.92, 
      "confidence": 1.0, 
      "st": 81.45, 
      "label": "neutral"
     }, 
     {
      "et": 92.62, 
      "confidence": 1.0, 
      "st": 91.0, 
      "label": "neutral"
     }, 
     {
      "et": 95.12, 
      "confidence": 1.0, 
      "st": 93.2, 
      "label": "positive"
     }
    ], 
    "engagement": [
     {
      "et": 24.32, 
      "confidence": 1.0, 
      "st": 19.65, 
      "label": "engaged"
     }, 
     {
      "et": 27.72, 
      "confidence": 1.0, 
      "st": 25.3, 
      "label": "engaged"
     }, 
     {
      "et": 35.12, 
      "confidence": 1.0, 
      "st": 28.3, 
      "label": "engaged"
     }, 
     {
      "et": 36.67, 
      "confidence": 1.0, 
      "st": 35.95, 
      "label": "engaged"
     }, 
     {
      "et": 39.82, 
      "confidence": 1.0, 
      "st": 37.15, 
      "label": "engaged"
     }, 
     {
      "et": 42.67, 
      "confidence": 1.0, 
      "st": 41.6, 
      "label": "engaged"
     }, 
     {
      "et": 54.07, 
      "confidence": 1.0, 
      "st": 43.3, 
      "label": "engaged"
     }, 
     {
      "et": 55.52, 
      "confidence": 1.0, 
      "st": 54.8, 
      "label": "neutral"
     }, 
     {
      "et": 62.22, 
      "confidence": 0.89, 
      "st": 56.4, 
      "label": "engaged"
     }, 
     {
      "et": 67.12, 
      "confidence": 1.0, 
      "st": 62.8, 
      "label": "engaged"
     }, 
     {
      "et": 70.72, 
      "confidence": 1.0, 
      "st": 67.75, 
      "label": "engaged"
     }, 
     {
      "et": 76.32, 
      "confidence": 1.0, 
      "st": 74.4, 
      "label": "neutral"
     }, 
     {
      "et": 79.57, 
      "confidence": 0.69, 
      "st": 77.35, 
      "label": "engaged"
     }, 
     {
      "et": 84.92, 
      "confidence": 1.0, 
      "st": 81.45, 
      "label": "engaged"
     }, 
     {
      "et": 92.62, 
      "confidence": 1.0, 
      "st": 91.0, 
      "label": "engaged"
     }, 
     {
      "et": 95.12, 
      "confidence": 1.0, 
      "st": 93.2, 
      "label": "engaged"
     }
    ], 
    "strength": [
     {
      "et": 24.32, 
      "confidence": 1.0, 
      "st": 19.65, 
      "label": "neutral"
     }, 
     {
      "et": 27.72, 
      "confidence": 1.0, 
      "st": 25.3, 
      "label": "neutral"
     }, 
     {
      "et": 35.12, 
      "confidence": 1.0, 
      "st": 28.3, 
      "label": "neutral"
     }, 
     {
      "et": 36.67, 
      "confidence": 1.0, 
      "st": 35.95, 
      "label": "neutral"
     }, 
     {
      "et": 39.82, 
      "confidence": 1.0, 
      "st": 37.15, 
      "label": "neutral"
     }, 
     {
      "et": 42.67, 
      "confidence": 1.0, 
      "st": 41.6, 
      "label": "neutral"
     }, 
     {
      "et": 54.07, 
      "confidence": 1.0, 
      "st": 43.3, 
      "label": "neutral"
     }, 
     {
      "et": 55.52, 
      "confidence": 1.0, 
      "st": 54.8, 
      "label": "calm"
     }, 
     {
      "et": 62.22, 
      "confidence": 0.89, 
      "st": 56.4, 
      "label": "neutral"
     }, 
     {
      "et": 67.12, 
      "confidence": 1.0, 
      "st": 62.8, 
      "label": "neutral"
     }, 
     {
      "et": 70.72, 
      "confidence": 0.57, 
      "st": 67.75, 
      "label": "calm"
     }, 
     {
      "et": 76.32, 
      "confidence": 0.67, 
      "st": 74.4, 
      "label": "calm"
     }, 
     {
      "et": 79.57, 
      "confidence": 1.0, 
      "st": 77.35, 
      "label": "calm"
     }, 
     {
      "et": 84.92, 
      "confidence": 1.0, 
      "st": 81.45, 
      "label": "neutral"
     }, 
     {
      "et": 92.62, 
      "confidence": 1.0, 
      "st": 91.0, 
      "label": "neutral"
     }, 
     {
      "et": 95.12, 
      "confidence": 1.0, 
      "st": 93.2, 
      "label": "neutral"
     }
    ]
   }, 
   "agent": {
    "emotion": [
     {
      "et": 2.12, 
      "confidence": 1.0, 
      "st": 0.0, 
      "label": "neutral"
     }, 
     {
      "et": 3.07, 
      "confidence": 1.0, 
      "st": 2.65, 
      "label": "neutral"
     }, 
     {
      "et": 10.07, 
      "confidence": 1.0, 
      "st": 3.85, 
      "label": "neutral"
     }, 
     {
      "et": 11.37, 
      "confidence": 1.0, 
      "st": 10.7, 
      "label": "neutral"
     }, 
     {
      "et": 15.07, 
      "confidence": 0.98, 
      "st": 12.25, 
      "label": "neutral"
     }, 
     {
      "et": 17.97, 
      "confidence": 1.0, 
      "st": 15.6, 
      "label": "frustrated"
     }, 
     {
      "et": 90.57, 
      "confidence": 0.59, 
      "st": 85.5, 
      "label": "happy"
     }, 
     {
      "et": 106.47, 
      "confidence": 1.0, 
      "st": 102.85, 
      "label": "neutral"
     }, 
     {
      "et": 109.62, 
      "confidence": 1.0, 
      "st": 107.1, 
      "label": "neutral"
     }, 
     {
      "et": 112.62, 
      "confidence": 0.65, 
      "st": 110.2, 
      "label": "frustrated"
     }, 
     {
      "et": 117.32, 
      "confidence": 0.93, 
      "st": 113.2, 
      "label": "frustrated"
     }
    ], 
    "politeness": [
     {
      "et": 2.12, 
      "confidence": 1.0, 
      "st": 0.0, 
      "label": "polite"
     }, 
     {
      "et": 3.07, 
      "confidence": 1.0, 
      "st": 2.65, 
      "label": "polite"
     }, 
     {
      "et": 10.07, 
      "confidence": 0.83, 
      "st": 3.85, 
      "label": "polite"
     }, 
     {
      "et": 11.37, 
      "confidence": 1.0, 
      "st": 10.7, 
      "label": "neutral"
     }, 
     {
      "et": 15.07, 
      "confidence": 1.0, 
      "st": 12.25, 
      "label": "polite"
     }, 
     {
      "et": 17.97, 
      "confidence": 1.0, 
      "st": 15.6, 
      "label": "polite"
     }, 
     {
      "et": 90.57, 
      "confidence": 0.7, 
      "st": 85.5, 
      "label": "neutral"
     }, 
     {
      "et": 106.47, 
      "confidence": 1.0, 
      "st": 102.85, 
      "label": "polite"
     }, 
     {
      "et": 109.62, 
      "confidence": 0.63, 
      "st": 107.1, 
      "label": "neutral"
     }, 
     {
      "et": 112.62, 
      "confidence": 1.0, 
      "st": 110.2, 
      "label": "neutral"
     }, 
     {
      "et": 117.32, 
      "confidence": 0.8, 
      "st": 113.2, 
      "label": "polite"
     }
    ], 
    "positivity": [
     {
      "et": 2.12, 
      "confidence": 1.0, 
      "st": 0.0, 
      "label": "neutral"
     }, 
     {
      "et": 3.07, 
      "confidence": 0.89, 
      "st": 2.65, 
      "label": "neutral"
     }, 
     {
      "et": 10.07, 
      "confidence": 0.52, 
      "st": 3.85, 
      "label": "positive"
     }, 
     {
      "et": 11.37, 
      "confidence": 1.0, 
      "st": 10.7, 
      "label": "positive"
     }, 
     {
      "et": 15.07, 
      "confidence": 0.98, 
      "st": 12.25, 
      "label": "positive"
     }, 
     {
      "et": 17.97, 
      "confidence": 1.0, 
      "st": 15.6, 
      "label": "neutral"
     }, 
     {
      "et": 90.57, 
      "confidence": 0.7, 
      "st": 85.5, 
      "label": "neutral"
     }, 
     {
      "et": 106.47, 
      "confidence": 0.6, 
      "st": 102.85, 
      "label": "positive"
     }, 
     {
      "et": 109.62, 
      "confidence": 1.0, 
      "st": 107.1, 
      "label": "neutral"
     }, 
     {
      "et": 112.62, 
      "confidence": 0.65, 
      "st": 110.2, 
      "label": "negative"
     }, 
     {
      "et": 117.32, 
      "confidence": 0.93, 
      "st": 113.2, 
      "label": "negative"
     }
    ], 
    "engagement": [
     {
      "et": 2.12, 
      "confidence": 1.0, 
      "st": 0.0, 
      "label": "engaged"
     }, 
     {
      "et": 3.07, 
      "confidence": 1.0, 
      "st": 2.65, 
      "label": "engaged"
     }, 
     {
      "et": 10.07, 
      "confidence": 0.83, 
      "st": 3.85, 
      "label": "engaged"
     }, 
     {
      "et": 11.37, 
      "confidence": 1.0, 
      "st": 10.7, 
      "label": "neutral"
     }, 
     {
      "et": 15.07, 
      "confidence": 1.0, 
      "st": 12.25, 
      "label": "engaged"
     }, 
     {
      "et": 17.97, 
      "confidence": 1.0, 
      "st": 15.6, 
      "label": "engaged"
     }, 
     {
      "et": 90.57, 
      "confidence": 0.89, 
      "st": 85.5, 
      "label": "engaged"
     }, 
     {
      "et": 106.47, 
      "confidence": 1.0, 
      "st": 102.85, 
      "label": "engaged"
     }, 
     {
      "et": 109.62, 
      "confidence": 1.0, 
      "st": 107.1, 
      "label": "engaged"
     }, 
     {
      "et": 112.62, 
      "confidence": 1.0, 
      "st": 110.2, 
      "label": "engaged"
     }, 
     {
      "et": 117.32, 
      "confidence": 1.0, 
      "st": 113.2, 
      "label": "engaged"
     }
    ], 
    "strength": [
     {
      "et": 2.12, 
      "confidence": 1.0, 
      "st": 0.0, 
      "label": "neutral"
     }, 
     {
      "et": 3.07, 
      "confidence": 1.0, 
      "st": 2.65, 
      "label": "neutral"
     }, 
     {
      "et": 10.07, 
      "confidence": 1.0, 
      "st": 3.85, 
      "label": "neutral"
     }, 
     {
      "et": 11.37, 
      "confidence": 1.0, 
      "st": 10.7, 
      "label": "neutral"
     }, 
     {
      "et": 15.07, 
      "confidence": 0.98, 
      "st": 12.25, 
      "label": "neutral"
     }, 
     {
      "et": 17.97, 
      "confidence": 1.0, 
      "st": 15.6, 
      "label": "calm"
     }, 
     {
      "et": 90.57, 
      "confidence": 0.59, 
      "st": 85.5, 
      "label": "agitated"
     }, 
     {
      "et": 106.47, 
      "confidence": 1.0, 
      "st": 102.85, 
      "label": "neutral"
     }, 
     {
      "et": 109.62, 
      "confidence": 1.0, 
      "st": 107.1, 
      "label": "neutral"
     }, 
     {
      "et": 112.62, 
      "confidence": 0.65, 
      "st": 110.2, 
      "label": "agitated"
     }, 
     {
      "et": 117.32, 
      "confidence": 0.8, 
      "st": 113.2, 
      "label": "neutral"
     }
    ]
   }
  }
 }, 
 "kpi": {
  "escalation": false, 
  "success": 0.53, 
  "satisfaction": 0.24, 
  "propensity": 0.38, 
  "trends": {
   "customer_positivity": -0.09
  }, 
  "agentperfscore": 0.3, 
  "resolution": false
 }
}