{
 "core": {
  "behaviors": [
   {
    "key": "emotion", 
    "value": [
     {
      "value": {
       "customer": 0.85, 
       "agent": 0.9
      }, 
      "label": "neutral"
     }, 
     {
      "value": {
       "customer": 0.0, 
       "agent": 0.0
      }, 
      "label": "sad"
     }, 
     {
      "value": {
       "customer": 0.0, 
       "agent": 0.0
      }, 
      "label": "frustrated"
     }, 
     {
      "value": {
       "customer": 0.0, 
       "agent": 0.0
      }, 
      "label": "angry"
     }, 
     {
      "value": {
       "customer": 0.15, 
       "agent": 0.1
      }, 
      "label": "happy"
     }
    ]
   }, 
   {
    "key": "politeness", 
    "value": [
     {
      "value": {
       "customer": 0.59, 
       "agent": 0.07
      }, 
      "label": "neutral"
     }, 
     {
      "value": {
       "customer": 0.41, 
       "agent": 0.93
      }, 
      "label": "polite"
     }, 
     {
      "value": {
       "customer": 0.0, 
       "agent": 0.0
      }, 
      "label": "rude"
     }
    ]
   }, 
   {
    "key": "positivity", 
    "value": [
     {
      "value": {
       "customer": 0.18, 
       "agent": 0.34
      }, 
      "label": "positive"
     }, 
     {
      "value": {
       "customer": 0.82, 
       "agent": 0.51
      }, 
      "label": "neutral"
     }, 
     {
      "value": {
       "customer": 0.0, 
       "agent": 0.14
      }, 
      "label": "negative"
     }
    ]
   }, 
   {
    "key": "strength", 
    "value": [
     {
      "value": {
       "customer": 0.84, 
       "agent": 0.77
      }, 
      "label": "neutral"
     }, 
     {
      "value": {
       "customer": 0.12, 
       "agent": 0.07
      }, 
      "label": "calm"
     }, 
     {
      "value": {
       "customer": 0.05, 
       "agent": 0.17
      }, 
      "label": "agitated"
     }
    ]
   }, 
   {
    "key": "engagement", 
    "value": [
     {
      "value": {
       "customer": 0.13, 
       "agent": 0.02
      }, 
      "label": "neutral"
     }, 
     {
      "value": {
       "customer": 0.87, 
       "agent": 0.98
      }, 
      "label": "engaged"
     }, 
     {
      "value": {
       "customer": 0.0, 
       "agent": 0.0
      }, 
      "label": "withdrawn"
     }
    ]
   }
  ], 
  "soundquality": {
   "customer": 1.0, 
   "agent": 1.0
  }, 
  "strength": {
   "customer": 0.46, 
   "agent": 0.55
  }, 
  "positivity": {
   "customer": 0.59, 
   "agent": 0.6
  }, 
  "engagement": {
   "customer": 0.93, 
   "agent": 0.99
  }, 
  "emotions": {
   "anger": {
    "customer": 0.0, 
    "agent": 0.0
   }, 
   "happy": {
    "customer": 0.15, 
    "agent": 0.1
   }, 
   "frustration": {
    "customer": 0.0, 
    "agent": 0.0
   }, 
   "sad": {
    "customer": 0.0, 
    "agent": 0.0
   }
  }, 
  "empathy": null, 
  "politeness": {
   "customer": 0.71, 
   "agent": 0.96
  }, 
  "diarization": {
   "customer": [
    {
     "et": 24.4, 
     "st": 19.72
    }, 
    {
     "et": 27.79, 
     "st": 25.37
    }, 
    {
     "et": 35.2, 
     "st": 28.33
    }, 
    {
     "et": 39.92, 
     "st": 35.98
    }, 
    {
     "et": 42.77, 
     "st": 41.66
    }, 
    {
     "et": 54.16, 
     "st": 43.33
    }, 
    {
     "et": 55.62, 
     "st": 54.85
    }, 
    {
     "et": 62.27, 
     "st": 56.47
    }, 
    {
     "et": 67.19, 
     "st": 62.83
    }, 
    {
     "et": 70.78, 
     "st": 67.8
    }, 
    {
     "et": 76.42, 
     "st": 74.45
    }, 
    {
     "et": 79.64, 
     "st": 77.42
    }, 
    {
     "et": 84.99, 
     "st": 81.52
    }, 
    {
     "et": 92.7, 
     "st": 91.03
    }, 
    {
     "et": 95.2, 
     "st": 93.26
    }, 
    {
     "et": 96.89, 
     "st": 96.27
    }, 
    {
     "et": 100.75, 
     "st": 100.28
    }
   ], 
   "agent": [
    {
     "et": 2.22, 
     "st": 0.1
    }, 
    {
     "et": 3.16, 
     "st": 2.69
    }, 
    {
     "et": 10.17, 
     "st": 3.9
    }, 
    {
     "et": 11.45, 
     "st": 10.77
    }, 
    {
     "et": 15.16, 
     "st": 12.29
    }, 
    {
     "et": 18.07, 
     "st": 15.65
    }, 
    {
     "et": 90.67, 
     "st": 85.55
    }, 
    {
     "et": 106.54, 
     "st": 102.92
    }, 
    {
     "et": 109.72, 
     "st": 107.15
    }, 
    {
     "et": 112.69, 
     "st": 110.27
    }, 
    {
     "et": 119.59, 
     "st": 113.24
    }
   ]
  }
 }, 
 "basic": {
  "lang": {
   "english": {
    "customer": 0.9, 
    "agent": 0.82
   }, 
   "spanish": {
    "customer": 0.1, 
    "agent": 0.18
   }
  }, 
  "utterances": {
   "customer": 17, 
   "agent": 11
  }, 
  "gender": {
   "customer": 2, 
   "agent": 1
  }, 
  "age": {
   "customer": 1, 
   "agent": 1
  }, 
  "vad": {
   "customer": 55.91, 
   "agent": 34.79, 
   "overlap": 0.0, 
   "silence": 29.34
  }, 
  "speakerchanges": 4, 
  "numbeepfound": 0, 
  "id": {
   "customer": 1, 
   "agent": 0
  }, 
  "numringfound": 0, 
  "totalduration": 120.05
 }, 
 "events": {
  "callflow": {
   "beep": [], 
   "ring": []
  }, 
  "behavioral": {
   "customer": {
    "emotion": [
     {
      "et": 24.37, 
      "confidence": 1.0, 
      "st": 19.7, 
      "label": "neutral"
     }, 
     {
      "et": 27.77, 
      "confidence": 1.0, 
      "st": 25.35, 
      "label": "neutral"
     }, 
     {
      "et": 35.17, 
      "confidence": 0.69, 
      "st": 28.35, 
      "label": "neutral"
     }, 
     {
      "et": 39.87, 
      "confidence": 0.99, 
      "st": 36.0, 
      "label": "neutral"
     }, 
     {
      "et": 42.72, 
      "confidence": 1.0, 
      "st": 41.65, 
      "label": "neutral"
     }, 
     {
      "et": 54.12, 
      "confidence": 0.56, 
      "st": 43.35, 
      "label": "happy"
     }, 
     {
      "et": 55.57, 
      "confidence": 1.0, 
      "st": 54.85, 
      "label": "neutral"
     }, 
     {
      "et": 62.22, 
      "confidence": 1.0, 
      "st": 56.45, 
      "label": "neutral"
     }, 
     {
      "et": 67.17, 
      "confidence": 1.0, 
      "st": 62.85, 
      "label": "neutral"
     }, 
     {
      "et": 70.77, 
      "confidence": 1.0, 
      "st": 67.8, 
      "label": "neutral"
     }, 
     {
      "et": 76.37, 
      "confidence": 1.0, 
      "st": 74.45, 
      "label": "neutral"
     }, 
     {
      "et": 79.62, 
      "confidence": 1.0, 
      "st": 77.4, 
      "label": "neutral"
     }, 
     {
      "et": 84.97, 
      "confidence": 1.0, 
      "st": 81.5, 
      "label": "neutral"
     }, 
     {
      "et": 92.67, 
      "confidence": 1.0, 
      "st": 91.05, 
      "label": "neutral"
     }, 
     {
      "et": 95.17, 
      "confidence": 1.0, 
      "st": 93.25, 
      "label": "neutral"
     }, 
     {
      "et": 96.87, 
      "confidence": 1.0, 
      "st": 96.25, 
      "label": "neutral"
     }, 
     {
      "et": 100.72, 
      "confidence": 1.0, 
      "st": 100.3, 
      "label": "neutral"
     }
    ], 
    "politeness": [
     {
      "et": 24.37, 
      "confidence": 0.93, 
      "st": 19.7, 
      "label": "neutral"
     }, 
     {
      "et": 27.77, 
      "confidence": 0.69, 
      "st": 25.35, 
      "label": "polite"
     }, 
     {
      "et": 35.17, 
      "confidence": 0.75, 
      "st": 28.35, 
      "label": "polite"
     }, 
     {
      "et": 39.87, 
      "confidence": 0.77, 
      "st": 36.0, 
      "label": "neutral"
     }, 
     {
      "et": 42.72, 
      "confidence": 0.64, 
      "st": 41.65, 
      "label": "neutral"
     }, 
     {
      "et": 54.12, 
      "confidence": 0.56, 
      "st": 43.35, 
      "label": "polite"
     }, 
     {
      "et": 55.57, 
      "confidence": 1.0, 
      "st": 54.85, 
      "label": "neutral"
     }, 
     {
      "et": 62.22, 
      "confidence": 1.0, 
      "st": 56.45, 
      "label": "neutral"
     }, 
     {
      "et": 67.17, 
      "confidence": 0.74, 
      "st": 62.85, 
      "label": "neutral"
     }, 
     {
      "et": 70.77, 
      "confidence": 0.58, 
      "st": 67.8, 
      "label": "neutral"
     }, 
     {
      "et": 76.37, 
      "confidence": 1.0, 
      "st": 74.45, 
      "label": "neutral"
     }, 
     {
      "et": 79.62, 
      "confidence": 1.0, 
      "st": 77.4, 
      "label": "neutral"
     }, 
     {
      "et": 84.97, 
      "confidence": 0.73, 
      "st": 81.5, 
      "label": "polite"
     }, 
     {
      "et": 92.67, 
      "confidence": 1.0, 
      "st": 91.05, 
      "label": "polite"
     }, 
     {
      "et": 95.17, 
      "confidence": 1.0, 
      "st": 93.25, 
      "label": "polite"
     }, 
     {
      "et": 96.87, 
      "confidence": 1.0, 
      "st": 96.25, 
      "label": "neutral"
     }, 
     {
      "et": 100.72, 
      "confidence": 1.0, 
      "st": 100.3, 
      "label": "neutral"
     }
    ], 
    "positivity": [
     {
      "et": 24.37, 
      "confidence": 1.0, 
      "st": 19.7, 
      "label": "neutral"
     }, 
     {
      "et": 27.77, 
      "confidence": 1.0, 
      "st": 25.35, 
      "label": "neutral"
     }, 
     {
      "et": 35.17, 
      "confidence": 1.0, 
      "st": 28.35, 
      "label": "neutral"
     }, 
     {
      "et": 39.87, 
      "confidence": 0.78, 
      "st": 36.0, 
      "label": "neutral"
     }, 
     {
      "et": 42.72, 
      "confidence": 0.64, 
      "st": 41.65, 
      "label": "neutral"
     }, 
     {
      "et": 54.12, 
      "confidence": 0.72, 
      "st": 43.35, 
      "label": "neutral"
     }, 
     {
      "et": 55.57, 
      "confidence": 1.0, 
      "st": 54.85, 
      "label": "neutral"
     }, 
     {
      "et": 62.22, 
      "confidence": 1.0, 
      "st": 56.45, 
      "label": "neutral"
     }, 
     {
      "et": 67.17, 
      "confidence": 1.0, 
      "st": 62.85, 
      "label": "neutral"
     }, 
     {
      "et": 70.77, 
      "confidence": 1.0, 
      "st": 67.8, 
      "label": "neutral"
     }, 
     {
      "et": 76.37, 
      "confidence": 0.69, 
      "st": 74.45, 
      "label": "positive"
     }, 
     {
      "et": 79.62, 
      "confidence": 0.71, 
      "st": 77.4, 
      "label": "neutral"
     }, 
     {
      "et": 84.97, 
      "confidence": 1.0, 
      "st": 81.5, 
      "label": "neutral"
     }, 
     {
      "et": 92.67, 
      "confidence": 1.0, 
      "st": 91.05, 
      "label": "positive"
     }, 
     {
      "et": 95.17, 
      "confidence": 1.0, 
      "st": 93.25, 
      "label": "positive"
     }, 
     {
      "et": 96.87, 
      "confidence": 1.0, 
      "st": 96.25, 
      "label": "neutral"
     }, 
     {
      "et": 100.72, 
      "confidence": 1.0, 
      "st": 100.3, 
      "label": "neutral"
     }
    ], 
    "engagement": [
     {
      "et": 24.37, 
      "confidence": 0.93, 
      "st": 19.7, 
      "label": "neutral"
     }, 
     {
      "et": 27.77, 
      "confidence": 1.0, 
      "st": 25.35, 
      "label": "engaged"
     }, 
     {
      "et": 35.17, 
      "confidence": 1.0, 
      "st": 28.35, 
      "label": "engaged"
     }, 
     {
      "et": 39.87, 
      "confidence": 1.0, 
      "st": 36.0, 
      "label": "engaged"
     }, 
     {
      "et": 42.72, 
      "confidence": 1.0, 
      "st": 41.65, 
      "label": "engaged"
     }, 
     {
      "et": 54.12, 
      "confidence": 0.99, 
      "st": 43.35, 
      "label": "engaged"
     }, 
     {
      "et": 55.57, 
      "confidence": 1.0, 
      "st": 54.85, 
      "label": "neutral"
     }, 
     {
      "et": 62.22, 
      "confidence": 0.9, 
      "st": 56.45, 
      "label": "engaged"
     }, 
     {
      "et": 67.17, 
      "confidence": 1.0, 
      "st": 62.85, 
      "label": "engaged"
     }, 
     {
      "et": 70.77, 
      "confidence": 1.0, 
      "st": 67.8, 
      "label": "engaged"
     }, 
     {
      "et": 76.37, 
      "confidence": 0.69, 
      "st": 74.45, 
      "label": "engaged"
     }, 
     {
      "et": 79.62, 
      "confidence": 1.0, 
      "st": 77.4, 
      "label": "engaged"
     }, 
     {
      "et": 84.97, 
      "confidence": 1.0, 
      "st": 81.5, 
      "label": "engaged"
     }, 
     {
      "et": 92.67, 
      "confidence": 1.0, 
      "st": 91.05, 
      "label": "engaged"
     }, 
     {
      "et": 95.17, 
      "confidence": 1.0, 
      "st": 93.25, 
      "label": "engaged"
     }, 
     {
      "et": 96.87, 
      "confidence": 1.0, 
      "st": 96.25, 
      "label": "neutral"
     }, 
     {
      "et": 100.72, 
      "confidence": 1.0, 
      "st": 100.3, 
      "label": "neutral"
     }
    ], 
    "strength": [
     {
      "et": 24.37, 
      "confidence": 1.0, 
      "st": 19.7, 
      "label": "neutral"
     }, 
     {
      "et": 27.77, 
      "confidence": 1.0, 
      "st": 25.35, 
      "label": "neutral"
     }, 
     {
      "et": 35.17, 
      "confidence": 1.0, 
      "st": 28.35, 
      "label": "neutral"
     }, 
     {
      "et": 39.87, 
      "confidence": 1.0, 
      "st": 36.0, 
      "label": "neutral"
     }, 
     {
      "et": 42.72, 
      "confidence": 1.0, 
      "st": 41.65, 
      "label": "neutral"
     }, 
     {
      "et": 54.12, 
      "confidence": 1.0, 
      "st": 43.35, 
      "label": "neutral"
     }, 
     {
      "et": 55.57, 
      "confidence": 1.0, 
      "st": 54.85, 
      "label": "neutral"
     }, 
     {
      "et": 62.22, 
      "confidence": 1.0, 
      "st": 56.45, 
      "label": "neutral"
     }, 
     {
      "et": 67.17, 
      "confidence": 1.0, 
      "st": 62.85, 
      "label": "neutral"
     }, 
     {
      "et": 70.77, 
      "confidence": 0.58, 
      "st": 67.8, 
      "label": "calm"
     }, 
     {
      "et": 76.37, 
      "confidence": 1.0, 
      "st": 74.45, 
      "label": "calm"
     }, 
     {
      "et": 79.62, 
      "confidence": 1.0, 
      "st": 77.4, 
      "label": "calm"
     }, 
     {
      "et": 84.97, 
      "confidence": 0.73, 
      "st": 81.5, 
      "label": "agitated"
     }, 
     {
      "et": 92.67, 
      "confidence": 1.0, 
      "st": 91.05, 
      "label": "neutral"
     }, 
     {
      "et": 95.17, 
      "confidence": 1.0, 
      "st": 93.25, 
      "label": "neutral"
     }, 
     {
      "et": 96.87, 
      "confidence": 1.0, 
      "st": 96.25, 
      "label": "calm"
     }, 
     {
      "et": 100.72, 
      "confidence": 1.0, 
      "st": 100.3, 
      "label": "neutral"
     }
    ]
   }, 
   "agent": {
    "emotion": [
     {
      "et": 2.17, 
      "confidence": 1.0, 
      "st": 0.1, 
      "label": "neutral"
     }, 
     {
      "et": 3.12, 
      "confidence": 1.0, 
      "st": 2.7, 
      "label": "neutral"
     }, 
     {
      "et": 10.12, 
      "confidence": 1.0, 
      "st": 3.9, 
      "label": "neutral"
     }, 
     {
      "et": 11.42, 
      "confidence": 1.0, 
      "st": 10.75, 
      "label": "neutral"
     }, 
     {
      "et": 15.12, 
      "confidence": 1.0, 
      "st": 12.3, 
      "label": "neutral"
     }, 
     {
      "et": 18.02, 
      "confidence": 1.0, 
      "st": 15.65, 
      "label": "neutral"
     }, 
     {
      "et": 90.62, 
      "confidence": 0.59, 
      "st": 85.55, 
      "label": "happy"
     }, 
     {
      "et": 106.52, 
      "confidence": 1.0, 
      "st": 102.9, 
      "label": "neutral"
     }, 
     {
      "et": 109.67, 
      "confidence": 1.0, 
      "st": 107.15, 
      "label": "neutral"
     }, 
     {
      "et": 112.67, 
      "confidence": 1.0, 
      "st": 110.25, 
      "label": "neutral"
     }, 
     {
      "et": 117.37, 
      "confidence": 0.92, 
      "st": 113.25, 
      "label": "neutral"
     }
    ], 
    "politeness": [
     {
      "et": 2.17, 
      "confidence": 1.0, 
      "st": 0.1, 
      "label": "polite"
     }, 
     {
      "et": 3.12, 
      "confidence": 1.0, 
      "st": 2.7, 
      "label": "polite"
     }, 
     {
      "et": 10.12, 
      "confidence": 0.82, 
      "st": 3.9, 
      "label": "polite"
     }, 
     {
      "et": 11.42, 
      "confidence": 1.0, 
      "st": 10.75, 
      "label": "neutral"
     }, 
     {
      "et": 15.12, 
      "confidence": 1.0, 
      "st": 12.3, 
      "label": "polite"
     }, 
     {
      "et": 18.02, 
      "confidence": 1.0, 
      "st": 15.65, 
      "label": "polite"
     }, 
     {
      "et": 90.62, 
      "confidence": 0.88, 
      "st": 85.55, 
      "label": "polite"
     }, 
     {
      "et": 106.52, 
      "confidence": 1.0, 
      "st": 102.9, 
      "label": "polite"
     }, 
     {
      "et": 109.67, 
      "confidence": 1.0, 
      "st": 107.15, 
      "label": "polite"
     }, 
     {
      "et": 112.67, 
      "confidence": 1.0, 
      "st": 110.25, 
      "label": "polite"
     }, 
     {
      "et": 117.37, 
      "confidence": 1.0, 
      "st": 113.25, 
      "label": "polite"
     }
    ], 
    "positivity": [
     {
      "et": 2.17, 
      "confidence": 1.0, 
      "st": 0.1, 
      "label": "positive"
     }, 
     {
      "et": 3.12, 
      "confidence": 0.78, 
      "st": 2.7, 
      "label": "positive"
     }, 
     {
      "et": 10.12, 
      "confidence": 1.0, 
      "st": 3.9, 
      "label": "neutral"
     }, 
     {
      "et": 11.42, 
      "confidence": 1.0, 
      "st": 10.75, 
      "label": "neutral"
     }, 
     {
      "et": 15.12, 
      "confidence": 0.96, 
      "st": 12.3, 
      "label": "neutral"
     }, 
     {
      "et": 18.02, 
      "confidence": 1.0, 
      "st": 15.65, 
      "label": "negative"
     }, 
     {
      "et": 90.62, 
      "confidence": 0.59, 
      "st": 85.55, 
      "label": "positive"
     }, 
     {
      "et": 106.52, 
      "confidence": 0.59, 
      "st": 102.9, 
      "label": "negative"
     }, 
     {
      "et": 109.67, 
      "confidence": 0.65, 
      "st": 107.15, 
      "label": "positive"
     }, 
     {
      "et": 112.67, 
      "confidence": 0.67, 
      "st": 110.25, 
      "label": "neutral"
     }, 
     {
      "et": 117.37, 
      "confidence": 0.81, 
      "st": 113.25, 
      "label": "positive"
     }
    ], 
    "engagement": [
     {
      "et": 2.17, 
      "confidence": 1.0, 
      "st": 0.1, 
      "label": "engaged"
     }, 
     {
      "et": 3.12, 
      "confidence": 1.0, 
      "st": 2.7, 
      "label": "engaged"
     }, 
     {
      "et": 10.12, 
      "confidence": 1.0, 
      "st": 3.9, 
      "label": "engaged"
     }, 
     {
      "et": 11.42, 
      "confidence": 1.0, 
      "st": 10.75, 
      "label": "engaged"
     }, 
     {
      "et": 15.12, 
      "confidence": 1.0, 
      "st": 12.3, 
      "label": "engaged"
     }, 
     {
      "et": 18.02, 
      "confidence": 1.0, 
      "st": 15.65, 
      "label": "engaged"
     }, 
     {
      "et": 90.62, 
      "confidence": 0.88, 
      "st": 85.55, 
      "label": "engaged"
     }, 
     {
      "et": 106.52, 
      "confidence": 1.0, 
      "st": 102.9, 
      "label": "engaged"
     }, 
     {
      "et": 109.67, 
      "confidence": 1.0, 
      "st": 107.15, 
      "label": "engaged"
     }, 
     {
      "et": 112.67, 
      "confidence": 1.0, 
      "st": 110.25, 
      "label": "engaged"
     }, 
     {
      "et": 117.37, 
      "confidence": 1.0, 
      "st": 113.25, 
      "label": "engaged"
     }
    ], 
    "strength": [
     {
      "et": 2.17, 
      "confidence": 1.0, 
      "st": 0.1, 
      "label": "neutral"
     }, 
     {
      "et": 3.12, 
      "confidence": 1.0, 
      "st": 2.7, 
      "label": "neutral"
     }, 
     {
      "et": 10.12, 
      "confidence": 1.0, 
      "st": 3.9, 
      "label": "neutral"
     }, 
     {
      "et": 11.42, 
      "confidence": 1.0, 
      "st": 10.75, 
      "label": "neutral"
     }, 
     {
      "et": 15.12, 
      "confidence": 1.0, 
      "st": 12.3, 
      "label": "neutral"
     }, 
     {
      "et": 18.02, 
      "confidence": 1.0, 
      "st": 15.65, 
      "label": "neutral"
     }, 
     {
      "et": 90.62, 
      "confidence": 0.59, 
      "st": 85.55, 
      "label": "agitated"
     }, 
     {
      "et": 106.52, 
      "confidence": 0.59, 
      "st": 102.9, 
      "label": "calm"
     }, 
     {
      "et": 109.67, 
      "confidence": 1.0, 
      "st": 107.15, 
      "label": "neutral"
     }, 
     {
      "et": 112.67, 
      "confidence": 0.67, 
      "st": 110.25, 
      "label": "agitated"
     }, 
     {
      "et": 117.37, 
      "confidence": 0.81, 
      "st": 113.25, 
      "label": "neutral"
     }
    ]
   }
  }
 }, 
 "kpi": {
  "escalation": false, 
  "success": 0.55, 
  "satisfaction": 0.25, 
  "propensity": 0.4, 
  "trends": {
   "customer_positivity": 0.04
  }, 
  "agentperfscore": 0.31, 
  "resolution": false
 }
}